Variance,Skewness,Curtosis,Entropy
0.552448561452111,0.6529614925518341,0.05208176276735524,0.6062713530210138
0.50981293105936,0.4760352782257612,0.2881297520839167,0.8725501942247391
0.43012149020286844,0.279209869521454,0.4584013612768433,0.8754546730940236
0.24782847083946558,0.27069340348067517,0.6810476662287032,0.7542968128422334
0.14347242662972903,0.2982559205528968,0.712089947659767,0.763616792249731
0.6541569272501659,0.5846688643838845,0.0979602386542314,0.8004121308559929
0.3945040833405477,0.24428712015476323,0.5100394167187198,0.7881873917723593
0.4153464346521225,0.5953556073594839,0.2072182135395352,0.6693312116815651
0.11222693561884972,0.8215246569652793,0.23970017446744354,0.3290962699489867
0.4070210371396416,0.6019337915860609,0.20854718159691563,0.6606168390508729
0.5238161198164661,0.4958570161685632,0.21031899541215243,0.9126129077549493
0.5785473119210458,0.6434384670361126,0.056729920089603064,0.6399213740815276
0.1190878134649237,0.8566794014525888,0.20965429599155666,0.24618336687415177
0.4183981184890197,0.4521098459477562,0.3361879940551834,0.8484635185098517
0.4687472946065276,0.32202793670275065,0.37590195360458356,0.8050115598820612
0.42207745361151994,0.4685253716599251,0.32522454606155904,0.8724285112556748
0.3842596600582922,0.1864492398417943,0.5712021022249985,0.7575654045958722
0.5479893515712926,0.5037549532829181,0.23560298963964937,0.8419272710254131
0.3764248405621447,0.17723304658237515,0.6161199302130226,0.7886713155801002
0.3158023836320088,0.4552829405007353,0.2865056971159024,0.8155417232180466
0.5273504458488443,0.6978712576754837,0.015796842354664303,0.25538447138110165
0.6051568406775748,0.5550146493693101,0.12675382859112155,0.837570084710067
0.22661097163304766,0.6665107559673261,0.2147112671505805,0.5957410960827445
0.3151170172856607,0.12427454751596839,0.6203286880479032,0.6379838068048861
0.38073904135284103,0.27355592392056793,0.5929049906304521,0.8300659896101465
0.2662540039823392,0.4964766676520223,0.3411333922071209,0.8504001497636543
0.40666753239257786,0.4436682170426609,0.3360759902642859,0.8562100435250621
0.24998557123481374,0.04792944354847761,0.8690718762788895,0.7561126971498106
0.31537673505901365,0.03592556698484922,0.7734723329097293,0.6215191650676277
0.3932776382997143,0.43468776076064464,0.30130312102871176,0.8845322225862312
0.40355091911234237,0.6385590857895505,0.14284360393736406,0.4782140684232696
0.26318067699766257,0.20797614192114416,0.6727809248928426,0.8920363176861517
0.15513086890023953,0.7793277380101554,0.22028474809916646,0.1487527495670894
0.441752517819525,0.44010971124091197,0.2192883451439895,0.8063429587681941
0.32221596975730815,0.25923209615075193,0.6154177526008573,1.0
0.5962182206446772,0.6662001818542398,0.027682167704137672,0.4339121074554219
0.4577973047066632,0.4966315805228871,0.21245956016972886,0.8445902560022466
0.5245577583470407,0.3464173592219931,0.31902125918108004,0.9353676229700005
0.37498196404351714,0.2795952807702238,0.47113533073427105,0.818446202087331
0.3774420685077771,0.2603958136106299,0.5164236327998795,0.9094678710160529
0.6326652815052087,0.663337661414347,0.02347340986925714,0.5659662095755137
0.021477216979770897,0.7768468869622485,0.2569379886703858,0.08981139139795002
0.3862869015669639,0.26047065074631337,0.5352876558898917,0.9248373660317313
0.37213228291922773,0.2689122796514086,0.43658646908049203,0.7981124163429588
0.340179782414221,0.6338368625279236,0.18462963361836865,0.5459914821921655
0.3978299137159842,0.26697399783720677,0.47537855127404316,0.7901240230261619
0.23000173145182234,0.036236141097935604,0.9032890343980874,0.6802265175270277
0.546544310737887,0.6610925473438429,0.020225299933228524,0.3937286469789863
0.5535559691801576,0.7100285503672633,0.003024102354233532,0.2271821032433191
0.3447320578304909,0.16639288747862468,0.6314773730803197,0.7196808162119156
0.4884036014197905,0.49121150097101185,0.2096176793676094,0.8835643749707494
0.3585908867919083,0.5547040752562237,0.2077722015206669,0.6974118968502832
0.3186159928433325,0.2588466849019821,0.49553061795937714,0.7418308606730005
0.4513642397483623,0.6363139717190465,0.08633338359144466,0.5099265222071419
0.34067757481314753,0.5933424884095986,0.20755034785792753,0.6431880937894885
0.39309006435229277,0.26813771529708474,0.47766601331121983,0.8297028127486311
0.3122456930135919,0.2599280815126082,0.5522648458870916,0.8553629428558057
0.3970940466914841,0.3246622038788088,0.5153897516531329,0.8165095708335284
0.525135630392751,0.5368172514565178,0.1441359553707972,0.8413226002714467
0.4033561307823277,0.1996130920085165,0.6088870700239085,0.8908260401553799
0.6046734770438346,0.5241963427091791,0.146793891485558,0.924228951186409
0.2996493810059735,0.6611673844795265,0.2195834320546234,0.6908784574343615
0.3395449167460249,0.14293518729864135,0.5928317573825577,0.6247858847755886
0.5159957290855048,0.6359285604702766,0.07994916751028497,0.5337670239153836
0.24802325916948026,0.0042582330203894125,0.9861201456049282,0.5668086301305753
0.22198655239084641,0.6661253447185562,0.21227518469855905,0.43548462582487013
0.4715984186073356,0.5817277649515242,0.13092381588299912,0.7363841437731081
0.2973624217239489,0.6670533252010313,0.20803024102354237,0.42266111293115555
0.39493694629613596,0.4325960628182917,0.411191763413531,0.8263134740487669
0.455640204311315,0.2624837696961987,0.4793288388222371,0.8585098516403801
0.4646444752258102,0.6082088854131197,0.10419798823960197,0.7160499836196004
0.25469656306813265,0.045141760244268414,0.8808107351325738,0.729727149342444
0.28980896314893373,0.5818811810796753,0.25948478256187135,0.7576861515420977
0.3665844227051049,0.25435271490418976,0.4662976285351197,0.7880666448261339
0.37074712146134536,0.6466115615890917,0.15085618282464947,0.439846492254411
0.5718350503563905,0.6000778306211109,0.09397548840114592,0.7890344924416156
0.49515482065044875,0.471155896979199,0.2872423374329593,0.8687976786633594
0.40586673592473954,0.24939849652194418,0.47091132315247597,0.8294613188561801
0.29274521686434074,0.6030975090459388,0.2504047213905702,0.7625281976880237
0.6531974143652786,0.5826557454339992,0.10028647123441103,0.8197781625871672
0.15826912532825443,0.3285312837936441,0.6759558015809767,0.7504244863574672
0.3919934781981358,0.5008127312935224,0.29750360781441837,0.9789394861234615
0.3490679017689666,0.4358477363637384,0.3016003618584014,0.842412130855993
0.3829754999567137,0.2593892541356872,0.6132422943545782,0.863834885571208
0.5369333102473091,0.5658548084730605,0.1652486699549831,0.7477615013806338
0.2907612616512279,0.05745246906419904,0.7427272923083551,0.5979220292975149
0.37984445791129196,0.11250266607295872,0.6679087599887997,0.7061262694809753
0.4428411681528295,0.34750249768940344,0.32252783940379526,0.8476164178405954
0.4860921132369492,0.6080517274281845,0.10058371206410066,0.7381990920578463
0.4641632759068479,0.57986806212979,0.1350938031748767,0.7280320119810924
0.5155917236602892,0.5892376715173604,0.08268033687294032,0.7390471287499416
0.037002568320203155,0.8746403140166213,0.21677816787645124,0.1482660176908316
0.25383083715695615,0.6229967034241731,0.23438516380554422,0.6870033228810783
0.5454174241768389,0.6517229379562727,0.0521894587201413,0.6137782561894511
0.4153897209476813,0.4252395723806067,0.4247356064359102,0.844711002948472
0.2982714339306842,0.22888189577432116,0.7374114200788334,0.7212542706042028
0.5811762329379851,0.5566386152136413,0.1286363538458225,0.8557261197173212
0.324250425648573,0.4907467623584175,0.343347620996403,0.9120044929096272
0.3104060254523418,0.5324037313795852,0.3327891097852543,0.820504516310198
0.2088924479843015,0.6449090167522928,0.20710750210007112,0.4362147236392568
0.5442912590540502,0.5332553779836631,0.1424042044499968,0.854152665325034
0.38153262343808614,0.29748135619857285,0.48058241971266724,0.9135770112790753
0.32666724381727413,0.5068520881431784,0.2918172615073126,0.9130996396312071
0.19183764753412402,0.3089426635284961,0.6989510414198635,0.7619225909112183
0.5324070066083745,0.5200151919385437,0.21533891916341788,0.8138475218795339
0.28975124808818864,0.4902045673103908,0.34426949835225196,0.880417466186175
0.28592762531382565,0.49547010817707965,0.3305748809959722,0.8727916881171901
0.35640492886618763,0.24947707551441178,0.5128438193292697,0.7685795853418824
0.44804129512596313,0.6261697979771522,0.17230060094341657,0.6630317779753827
0.3504602776094422,0.27409849315427304,0.4876688134059922,0.7806832966724389
0.48978082705682047,0.5878419589368636,0.12132595257070242,0.7247643562502926
0.11506940236054602,0.7861416592141353,0.23242854373532645,0.09210464735339541
0.5806207254783136,0.5491287086478053,0.12645658776143195,0.8401123227406749
0.668362046576054,0.6686024539096791,0.02078101104960478,0.6025179014367951
0.47338974980521165,0.3526138740565844,0.3134469166648718,0.8704918800018722
0.35142700487692263,0.6284149120476563,0.12375988110366816,0.5732297468058221
0.41085908867919085,0.437628860193005,0.34873672647381915,0.8569363972480929
0.6113612097076733,0.5403791249293725,0.14040967540439833,0.8962699489867554
0.6164040631402765,0.5886951022836552,0.09596570960863293,0.7886713155801002
0.35320895737742763,0.5090975763993609,0.2846231718612015,0.7805625497262134
0.3874267740166797,0.50414223546008,0.2890516294397657,0.8024697898628728
0.34311603612962804,0.5039098661537829,0.28521334568246925,0.9289558665231432
0.18457997864542752,0.7911744565888486,0.2142684213927241,0.16593812889034487
0.3745418867053357,0.5622925608145274,0.23944170418075691,0.6997145130341181
0.4282385363460595,0.24405512503414445,0.48678570659314624,0.8346656058407826
0.26556863763599114,0.5286873192215441,0.3417580287332802,0.7647063228342772
0.3814532652295617,0.27843530516713005,0.49043875331165054,0.8134843450180185
0.44534455891264824,0.5877671218011802,0.12549593986257998,0.6981326344362804
0.0,0.8631041695510147,0.23486505697115906,0.3752141152244115
0.19043805731105534,0.7009695150927794,0.19976220733624833,0.28794870594842514
0.4674862205292471,0.6356179863571901,0.08519180649191205,0.5383722562830533
0.14474215796612128,0.7961286749710941,0.22194585047493917,0.09779566621425562
0.4021008282111217,0.45660007408876435,0.33264264328946525,0.8467693171713391
0.21780942486941973,0.20433531527014337,0.7642449436750167,0.6655777600973465
0.29249271347358097,0.6724752756812986,0.20230900122773388,0.42907286937801287
0.31799555594032264,0.5221057673238615,0.3050681715381136,0.8911892170168954
0.2711597841456728,0.5828091615621503,0.23549227820018526,0.5761314176065897
0.3785963697226791,0.27781415694095724,0.4696189717190429,0.8399906397716105
0.3779470752892967,0.2620983584474288,0.5152777478622353,0.8842907286937802
0.19790494329495284,0.6404187886112847,0.26099812609042156,0.7067300042121029
0.5075400975384526,0.5205570128008921,0.2192512977362311,0.8008962793092153
0.42346261506940236,0.46209686170471514,0.3536821246257566,0.8620199372864699
0.4813926644157793,0.6292680553944479,0.0777349387210029,0.5395797257453082
0.1321314171933166,0.7869910607041426,0.23076774290822155,0.11679692984508816
0.46241018093671543,0.2795952807702238,0.43381652917483365,0.9036551691861282
0.49847776527284793,0.472319614439077,0.1867327201843755,0.8542734122712595
0.21751363518310107,0.03638955722608678,0.900596635578435,0.710603266719708
0.3677531526851932,0.5741392793932205,0.22969733129428999,0.6951092806664483
0.4918419761636799,0.4329066369313781,0.2236069528507119,0.8529423877942622
0.4560543098721611,0.34905162639805126,0.3235272578456502,0.8467693171713391
0.3483176059792803,0.17460252126310122,0.6153832898959658,0.7735423784340338
0.33305918679479407,0.5062328108453977,0.25793439162556275,0.8392652220714186
0.18265373849305977,0.29787050930412695,0.6966980420875784,0.7506659802499182
0.5428368395232736,0.6488566756595958,0.03868007840265364,0.4433565779005008
0.04413037832222322,0.8720097886973475,0.22870071294720748,0.15879627462910095
0.443129743456555,0.635075417123485,0.14923212785663517,0.5244535966677588
0.4522306870977982,0.6448304377598252,0.07950546018480628,0.47929985491646
0.3761939803191643,0.25784012542703943,0.46327352618088613,0.8054956708943699
0.32092459527313655,0.6600074088764327,0.21334568246925284,0.6803482004960921
0.2248001616021701,0.6677493105628876,0.2175165313287527,0.6021528525296018
0.33716417049028946,0.5114205210909758,0.31101298813190603,0.9064445172462209
0.35941332640752605,0.10870842329380687,0.6366424709759407,0.6680020592502458
0.2706114910685944,0.6664359188316427,0.20817799987076488,0.6295128001123228
0.4991804461374196,0.5379787238023253,0.21109397548840117,0.794602424299153
0.45295284679537123,0.610222004363005,0.09648265018200616,0.6819207188655404
0.3595287565290163,0.6590008494014901,0.19345036293536091,0.6865165910048205
0.4573161053877009,0.44924358365107936,0.212865789303638,0.7885505686338747
0.3961778201021557,0.13557869686095636,0.6419238805005708,0.6847007066972435
0.3453019940553487,0.6393336501438744,0.1896486958020118,0.5289277858379744
0.2250310218451505,0.6150976437527831,0.2616994421349646,0.7269434174193851
0.3749531065131446,0.17529850662495744,0.6258297973162169,0.7903664529414518
0.4142570628805587,0.6154082178658694,0.1914941736489543,0.6099031216361679
0.05050067815196374,0.8627935954379282,0.22833157429943784,0.16509570833528342
0.3975990534730038,0.28137640459949037,0.45828935748594574,0.8562100435250621
0.34737252185957923,0.5064648059660165,0.25184397010360354,0.8053746431412927
0.21008282111216925,0.6572197255722234,0.19957783186507855,0.4088547760565358
0.20145441953077659,0.026555957597278967,0.9648566566868417,0.5378855244067956
0.2892895276022278,0.5130464327008348,0.2572701229887781,0.7949655075583845
0.3988543560442097,0.24149943685055403,0.5679539922889698,0.9151588898769131
0.3826652815052088,0.1680205951797401,0.5602386542313741,0.6394346422052699
0.4367926297867428,0.6199770249993451,0.17455360027570166,0.653474984789629
0.5916082301676623,0.6617885327056993,0.03152045146143409,0.43815229091589836
0.35439211612270227,0.2572975561933343,0.4689211019449889,0.755991950203585
0.47808919862638155,0.5095619408262768,0.23032481099360289,0.7918185051715263
0.47397700054829306,0.6028655139253201,0.09929136063066754,0.7024945008658212
0.3379649669581277,0.33441722451514894,0.5140974002196997,0.7944813965460757
0.3787839436701007,0.21169180570782836,0.5329614233097121,0.6867599569429494
0.34010763858828963,0.16623947135047357,0.6254593232386327,0.7253699630270979
0.3464635096528439,0.252264758818621,0.5505287871281798,0.8575410680020593
0.4775885204744178,0.5275258468757367,0.21323497102978872,0.7664005241727899
0.5222174126338268,0.5871459735750074,0.08629892088655311,0.7423147844807414
0.5124036158485556,0.6085942966618896,0.1010618820944709,0.741951607619226
0.40392606700718553,0.4456813359925462,0.40115019277575553,0.8517311742406516
0.5270229128791158,0.701976074567722,0.005828504964783432,0.2018907661346937
0.2497835685222059,0.662948508308793,0.22430826889525496,0.601666120653344
0.4442371511846016,0.4325960628182917,0.22548943502703173,0.8094898675527684
0.310939889764234,0.6620991068187856,0.20651689749499216,0.45969017644030513
0.1839883992727902,0.018118070548967857,0.9733474056044975,0.4987878504235504
0.33044758029607824,0.5062328108453977,0.28820298533181127,0.7572022277343567
0.3557051337546533,0.5595797146460016,0.20474551446356648,0.7227069780502645
0.5263490895449168,0.7028254760577294,0.010627436620931824,0.2023681377825619
0.02047441779932474,0.8452966731151332,0.22504650311241306,0.45146253568587075
0.38849450264046403,0.19736797793801242,0.6202554548000087,0.9160013104319746
0.5514464837099241,0.663337661414347,0.022146595730932445,0.3802967192399495
0.5160635442818804,0.6551280276298705,0.03653908286126609,0.3907052932091543
0.32477707557787205,0.48641069871691733,0.3724686066297629,0.8002911031029157
0.4333823911349667,0.27634360722477713,0.4657462252568549,0.8749707492862827
0.3894179436123857,0.6410361949806733,0.15318241540482913,0.4664763420227454
0.41495685799209303,0.6377845214352266,0.15159282314170636,0.49491271587026725
0.46287262286093556,0.5362754305941695,0.21109397548840117,0.7379575981653953
0.5964346521224714,0.6610139683513754,0.019747129902858263,0.4250760518556653
0.2525394626727845,0.5267512825214128,0.2560148189631034,0.7724528478494876
0.08393212708856373,0.8586925204024741,0.21589247636073838,0.23456732344269193
0.14203676449369468,0.32125337234842677,0.6768776789368256,0.7189544624888848
0.3368323088910051,0.49903160746425596,0.30060525125465787,0.7598652127111902
0.3171298300291461,0.35013302300867744,0.4854545846167101,0.7870978611878131
0.40730239806077395,0.4638031483982982,0.3270338380683654,0.7981124163429588
0.3697226791331198,0.28486007326555585,0.4692140349365671,0.8455590396405673
0.4518742965976972,0.23670237645324366,0.5073814806039589,0.8339392521177518
0.5289296741984821,0.6981818317885702,0.005906046050789426,0.2167735292741142
0.5058065679739128,0.5088652070930637,0.22283197277446318,0.914307109093462
0.25053386431189223,0.2017010480940853,0.761587007560256,0.6801048345579632
0.33049086659163707,0.17707963045422404,0.6094772438451763,0.7187129685964339
0.2653594205407901,0.2444442781396985,0.7206151592823142,0.7466719707960875
0.4059533085158572,0.4358477363637384,0.22323777112456117,0.7821360041185006
0.13832857184082187,0.7641507668935479,0.22556327137226187,0.18978799082697617
0.214158947277292,0.6087477127900407,0.2619945290455985,0.696803482004961
0.4517494877788359,0.44514250861562527,0.331203825360243,0.9060794683390275
0.28408795775257556,0.12396397340288201,0.6142029422534302,0.5808489727149343
0.1774305254956281,0.6445198636467389,0.25645809550477094,0.7114503673889644
0.37622283784953686,0.6183493172982297,0.1965877614319254,0.5798848691908083
0.4465197818370704,0.6325983079323622,0.0979990091972344,0.5250526512846914
0.22752719822237616,0.6986458220298076,0.18795054601848066,0.324622080778771
0.23310391596687158,0.6061957664632344,0.2570487001098499,0.6983760003744092
0.03312123048509508,0.7698795496301175,0.26454132293708404,0.09489399541348809
0.5252315816812397,0.5704984527422198,0.16657979193141925,0.7453409463190902
0.3752993968776152,0.26875512166647336,0.4708036271996899,0.851610427294426
0.435128271722506,0.5185439312695747,0.21711073297865469,0.8428960546637339
0.4907829047990073,0.6366245458321328,0.09559954336916021,0.540066457621566
0.4281158918419762,0.2968639498291843,0.42433066965343447,0.8644404923480133
0.16616887426774019,0.2841640879036996,0.7182932345402461,0.6995928300650537
0.46122557931492225,0.6079731484357168,0.10084218235078729,0.7039453362662049
0.4049505093354111,0.47835822291737606,0.32932130010554206,0.8370861609023261
0.3612890658817418,0.6593114235145764,0.20038985934908568,0.6901483596199748
0.380789542030993,0.6178853270569923,0.11862924591293861,0.5910235409743998
0.17333275618272592,0.03824926004782098,0.9478406961466388,0.49903121636167924
0.3352235015727354,0.4860234165397554,0.357559178926056,0.8714606636401929
0.48093022249155915,0.30754695094799944,0.43341159239235794,0.9449337763841439
0.27640464029088396,0.5100266794388711,0.2697460529433304,0.8044063275143915
0.43465212247135887,0.508245929795283,0.1886889094707821,0.8004121308559929
0.4442660087149742,0.6372419522015215,0.0692829603463502,0.4917676791313708
0.5305767177444954,0.4782033100465113,0.27487453421500424,0.8830804511630085
0.27505555074596716,0.6198984460068775,0.2416197471299029,0.7195600692656902
0.34229359651401037,0.24382312991352573,0.5706076205656192,0.8863481068938083
0.5050264767841168,0.5724329926996374,0.16702349925689794,0.7288800486731877
0.291814561509826,0.2674417299352285,0.6004350916492559,0.9704684794308982
0.21338700833982632,0.6247778272534397,0.2652060223576798,0.7389254457808772
0.4600121201627565,0.3946573768835572,0.39166433325435634,0.9109187064164367
0.44867688223241853,0.6418893383274649,0.06968789712882592,0.47664155005382136
0.48742172394886446,0.6303531938618582,0.08186615546987747,0.5272335844994618
0.26289210169393706,0.6409613578449899,0.19669847287138953,0.4703421163476389
0.24852105156840676,0.2823081269387495,0.6687918668016456,0.6920859268966163
0.37995988803278213,0.6438238782848825,0.1754022443836561,0.577460570037909
0.35790552044556023,0.5631419623045347,0.20005772503069338,0.681799035896476
0.3206937350301561,0.5114205210909758,0.28284834255928665,0.8976084616464642
0.38309093007820394,0.2899714496327368,0.45352919637280037,0.8277661814948285
0.2987259400340519,0.06557978199942377,0.7409912335494432,0.5422380306079468
0.22661818601564077,0.6581477060546985,0.21423137398496567,0.4426264800861141
0.42970305601246644,0.5976755585656714,0.11630732117087043,0.6807038891748959
0.20493175194066893,0.20921469651670555,0.7502186227841557,0.6502082650816681
0.2083874412027819,0.7818834261937458,0.2241237211105607,0.19946646698179427
0.32064323435200415,0.4758818620976101,0.39550261701165274,0.8729133710862546
0.2974201367846939,0.16097467885514155,0.6484545630775196,0.7437674919268031
0.23656681961157766,0.20510987962446725,0.671561806707304,0.8357551364253288
0.3587928895045162,0.45869177203111733,0.28022917698752886,0.8418065240791877
0.4773576602314374,0.6242352580197346,0.15078294957675492,0.5935601628679741
0.2920454217528064,0.5270611082631423,0.24711956404678315,0.8065850142743484
0.32205003895766604,0.4795967775129375,0.3443427316001465,0.7845565591800441
0.3028092805817678,0.2672845719502932,0.6793891485557974,0.7607123133804465
0.44766614723111997,0.5168404883871475,0.23002950869106342,0.7785042355033464
0.5679630912186535,0.5567957731985766,0.12128718202769942,0.7942392474376375
0.4679479410152079,0.6226075503186191,0.15668899562754435,0.5724996489914354
0.4162482324762647,0.6208264264893526,0.12320847782540334,0.6235784153133337
0.282017429948345,0.249245080393793,0.7183664677881405,0.7923027097861188
0.3977721986552391,0.27293851755117926,0.47571025480862433,0.8818692376093977
0.3732360834559778,0.4836233895983865,0.3370366381631379,0.809247812046614
0.44303379216806626,0.5912507904672457,0.12582764339716115,0.6808255721439603
0.15079502496176378,0.6490138336445311,0.2633605445107373,0.6601301071746151
0.2233067844053906,0.033448457793726405,0.7903073642492515,0.49007347779285815
0.38757827605113554,0.46418855964706807,0.3137441574945614,0.8490691252866571
0.5728558854933194,0.6415001852219109,0.03391991728950827,0.454130200776899
0.5613280235477448,0.3742156132716177,0.29720636698472874,0.9475920812467825
0.20874816033243876,0.6192024606450213,0.2571223641415556,0.7327523751579539
0.38452659221423835,0.6391802340157233,0.1293729941628794,0.5944119436514251
0.24753268115314692,0.291831152454471,0.662446421263489,0.7225852950812001
0.3544426168008542,0.5595797146460016,0.2037857281323368,0.7241587494734872
0.5475269096470724,0.385830336729692,0.3011566545329227,0.9031684373098705
0.32247568753066114,0.25784012542703943,0.5525965494216728,0.866377123601816
0.23894035148471993,0.5866034043413022,0.22619075107157477,0.565236111761127
0.2680936715435893,0.5143627430803713,0.3553061795937709,0.7580493284036132
0.4430143133350648,0.6277189266858001,0.07234583324358673,0.4776056535779473
0.6204008310968747,0.548896339341508,0.14284360393736406,0.8614143305096645
0.4396336536519205,0.5168404883871475,0.21729510844982447,0.8297028127486311
0.48693042449427176,0.6343008527691611,0.07363818467701985,0.501577198483643
0.3430655354514761,0.48331356385665697,0.3448252094686282,0.8042852997613142
0.1009580700083687,0.8194367008797105,0.23335171344260885,0.33079047128749944
0.32846362508296545,0.236623797460776,0.5248023779266375,0.7397725464501335
0.30570224800161605,0.5890056763967416,0.20946992052038688,0.6023962184677307
0.246277378581941,0.6648867901229949,0.21227518469855905,0.4346422052698086
0.5584869996825672,0.5217959415821319,0.15078294957675492,0.8339392521177518
0.44011557440914206,0.3245050458938735,0.42315032201089886,0.9299199700472692
0.40908435056127895,0.5222606801947263,0.26671936588623,0.9480788131230403
0.3319698150232303,0.1692591497753015,0.6150860490662762,0.7533289652267516
0.274572187112227,0.24545083761464115,0.7292911452387619,0.7115711143351898
0.35461576198308953,0.5132787271699963,0.3116763952010684,0.9267749333083728
0.34440741061379965,0.5116527033044338,0.34888319296960824,0.8456797865867928
0.19260237208899667,0.7424704486860471,0.2523609106769768,0.28842607759629335
0.3062938273742533,0.30158617309081115,0.484162233183277,0.8431375485561848
0.4446223992150752,0.5141304486112098,0.21902987485730288,0.8523367810174569
0.16522379014803917,0.6321343176911247,0.2740258901070498,0.6787663218982544
0.5618186015640781,0.5870673945825398,0.09375148081935084,0.7809257265877289
0.6027400225088737,0.5865285672056187,0.0850798027010145,0.8062218374128329
0.4545998903413846,0.5803320523710276,0.16336614470028218,0.691720877989423
0.44736747179176406,0.5454893787395182,0.15702069916212552,0.7821360041185006
0.561395117305861,0.6514123638431863,0.03798220862859977,0.41248654467169
0.5947825585086428,0.6678278895553551,0.022512761970405193,0.5555576356063089
0.3444651256745448,0.3379008931812144,0.5012169642664829,0.8105789301258951
0.19822959051164402,0.22113625223108213,0.737708660908523,0.6224926288201433
0.23531151704037168,0.6095222771443646,0.2636185840136128,0.7711208873496515
0.3635904539289528,0.15988954038773123,0.6448015163590153,0.7880666448261339
0.4074466857126367,0.3328680958065011,0.5067525362396882,0.8321233678101746
0.4881049259804346,0.6376311053070755,0.07452129148986583,0.5110123087003323
0.11155599803768795,0.856058253226416,0.21102031145669548,0.24073571395142035
0.2936398003058898,0.1289967707775953,0.6061171301182502,0.6022745354986663
0.04822814763512545,0.8150998888668535,0.24601201886833096,0.49866616745448594
0.36532912013389895,0.6232286985447919,0.12826587976823833,0.5780689848832312
0.6365899056358757,0.694230431024483,0.006457449329054232,0.4972153320541021
0.44885074885291315,0.30065819260833615,0.41691257242552826,0.8301867365563721
0.4902916053444146,0.44862617728169074,0.3196889740883538,0.916366359339168
0.2174847776527285,0.20464588938322975,0.7685657053007948,0.6588009547432958
0.6333434334689637,0.6531934876724528,0.05484739483490211,0.6390695932980766
0.13493059763945403,0.816338443462415,0.22962349494905984,0.379079889549305
0.6223703575448013,0.5981432906636932,0.09338531457987811,0.7891561754106801
0.15734568435633278,0.2944616777737449,0.7007947961315614,0.7231909018580054
0.46769760193922605,0.21889113816057804,0.5170138066211473,0.8697655262788413
0.2977087120884195,0.13851979629331673,0.5902470545156914,0.6134132072822578
0.32925720716821055,0.5003479926809281,0.2917095655545265,0.9048626386483831
0.22729633797939575,0.03468701238928784,0.77893467163504,0.5066598024991811
0.4572194326609529,0.3890034312826711,0.40524694681973855,0.9409369588617963
0.4665995729085505,0.5684067547998668,0.16632132164473262,0.6948659147283194
0.43832424321126595,0.616261361212661,0.09320007754108603,0.6773154864978705
0.5248564337863966,0.5934959045377497,0.08330928123721112,0.7378359151963308
0.39255620004040054,0.2694548488851138,0.43315312210567136,0.7118135442504798
0.3440322627189565,0.6387162437744858,0.13051887910052343,0.5694762952216035
0.32265604709548956,0.45156727671405106,0.2924462058715834,0.8307923433331774
0.43148500851297145,0.5451020965623562,0.1546212333340513,0.7563551270651004
0.5083298199290105,0.648624680538977,0.037870204837702204,0.387316890532129
0.5187595590569359,0.5197828226322466,0.1552458698602107,0.8558468666635467
0.5078579127348282,0.3654671521102202,0.3050681715381136,0.8859849300322928
0.5774016679652555,0.6591542655296412,0.015279901781291072,0.41333832545514115
0.32347848671110724,0.23987547100622275,0.5260559588170677,0.7375944213038799
0.39093296395694455,0.5562532039648714,0.2124229435457816,0.744008985819254
0.47083730124375955,0.5065422624014488,0.22858995842936225,0.8715814105864184
0.3873185582777826,0.24769595168514524,0.5677299847071747,0.8907052932091544
0.054461374195596324,0.7647681732629366,0.25036767398281173,0.14391351148968035
0.4921983666637809,0.48981765931890725,0.23187507269476815,0.9121261758786915
0.5608461027905232,0.6969432771930087,0.021000710793288385,0.26978986287265416
0.3076284881539838,0.6380165165558453,0.18743403622891855,0.5056863387466655
0.6150982598909185,0.6436704621567314,0.05407198397484225,0.6666635465905368
0.4791966063544282,0.5145950375495328,0.22486195532771883,0.758291758318903
0.25145009090122067,0.5862965720850001,0.23575074848687189,0.5716572284363739
0.3300075029578969,0.6188133075394673,0.20075904107523643,0.5326812374221932
0.2409820217585779,0.003562247658533191,0.9850130312102872,0.5550709037300511
0.5983320347444666,0.6977140996905484,0.0,0.2503018673655637
0.3397036331630739,0.5691813191541907,0.19234324854071988,0.67973978565077
0.3630133033215017,0.49686357564350586,0.2851401124345747,0.9549773014461553
0.4068406775748131,0.6395656452644931,0.16772136903095183,0.6134132072822578
0.28306351542435,0.2593892541356872,0.6903870592543133,0.7049188000187205
0.36420367644936946,0.5527676643704139,0.21541258319512355,0.7345682594655311
0.27178022104868266,0.03863467129659082,0.8978999289206712,0.7868563672953621
0.436542290710761,0.2661245963471994,0.4786266612100718,0.8512472504329106
0.3126424840562145,0.5764629724561923,0.2637292954530769,0.7915764496653719
0.3454390673246184,0.6310491792237144,0.12446205871583348,0.5501099826835776
0.5450033186159928,0.525047989313257,0.1914941736489543,0.890099686432349
0.36750786367702654,0.5294615093901897,0.17215413444762748,0.7229484719427155
0.41929991631316194,0.580796042612265,0.16395631852155,0.6673936444049235
0.24867255360286267,0.2694548488851138,0.6811208994765977,0.7847980530724951
0.36760886503333046,0.19039689874909732,0.6220992095117066,0.8881630551785464
0.4696526996219664,0.506077897974533,0.2080672884313008,0.8393859690176441
0.3311834473205783,0.576305814471257,0.18957460098649495,0.6615809425749989
0.43468098000173144,0.627565510557649,0.1774700066771491,0.6486357467122198
0.3245822872478573,0.2549738631303626,0.6070390074740992,0.9432395750456313
0.3218336074798719,0.3036778710331641,0.4906239903504427,0.8611728366172136
0.37460681614867397,0.19179261132959396,0.5585413660154652,0.7377151682501054
0.07045566040458257,0.8631827485434822,0.20891636332306635,0.20394065615201007
0.3427120307044123,0.3114983517120866,0.47773924655911437,0.882717274301493
0.5566083744553141,0.6695304343921541,0.030891507097163318,0.41248654467169
0.3569171500303004,0.4972508578206678,0.3011221918280311,0.9633266251696543
0.24935070556661765,0.0315139178363088,0.795399228896978,0.5597884588383957
0.400859954405102,0.12156170134744265,0.6549507829495769,0.7530865353114616
0.5268497676968805,0.5427795260564198,0.19847028668662633,0.8034380118874901
0.3336579805500245,0.1735173827956909,0.6302582548947812,0.7390471287499416
0.34766831154589795,0.570266457621601,0.19640338596075563,0.6903917255581037
0.30116440135053246,0.6844754103881429,0.20267818295388462,0.4011138671783592
0.43880544253022824,0.5895482456304467,0.12793417623365716,0.6882107923433333
0.26174501486162816,0.6971752723136275,0.1945945247377604,0.34458744793372964
0.362869015669639,0.26395431941237885,0.6161199302130226,0.8094898675527684
0.42606700718552504,0.5844368692632659,0.16923772804618006,0.6709037300510133
0.2638371858136381,0.0,1.0,0.6099031216361679
0.22950393905289584,0.6471541308227969,0.21116807030391802,0.438751345532831
0.4824618359160823,0.6348434220028663,0.08101751136192303,0.5021762531005757
0.2339912850258275,0.03979838875646874,0.77893467163504,0.5357045911920251
0.4034138458430727,0.5955876024801027,0.20736597238675775,0.64403051434455
0.5722101982512336,0.6939984359038642,0.019083722833695943,0.27681003416483363
0.3941361498282977,0.5551680654974611,0.19703103797359298,0.7216174474657182
0.3622702219144086,0.6533469038006039,0.14420918861869175,0.4358496747320635
0.1846088361758001,0.027794512192840348,0.9636418463394146,0.5160949127158703
0.44213776584999853,0.21966570251490197,0.5198182092316972,0.8321233678101746
0.6122485787666292,0.6503272253757759,0.05300364012320419,0.6506856367295363
0.22412922402100832,0.28780491455470036,0.6626273504641697,0.7051528057284598
0.32393299281447496,0.6317451645855707,0.19186335537510502,0.5159732297468058
0.2039722390557816,0.6922958910670653,0.20655394490275059,0.31191089062573124
0.20283236660606585,0.7499803552518831,0.23453249186895558,0.28104085739692053
0.37428938331457595,0.52698365182771,0.26103517349817995,0.9329433238171012
0.3406415029001818,0.6525760813030642,0.1976953066103776,0.6833715542659241
0.516150116872998,0.530003330252538,0.18540375212699509,0.8402330696869005
0.24839840706432342,0.523963973402882,0.25841428479117756,0.7689427622033979
0.5771895651170172,0.725512353740173,0.32308355052017146,0.7884298216876493
0.9247900614665396,0.7241203830164604,0.12394511814246023,0.7948444798053074
0.9204902894410296,0.7335648295397142,0.12391065543756868,0.7771732110263491
0.3470334458777018,0.9845910337627737,0.35453076873371103,0.4701081106378996
0.49275675987648976,0.8603950652392731,0.06813707540870614,0.1626714091823841
0.5713343722044267,0.5400692991876429,0.4866004695543542,0.7596227827959003
0.4380060889389086,0.8675195605563393,0.30226376892756374,0.34495249684092294
0.7612327936975154,0.7706541139844414,0.19869170956555454,0.756233444096036
0.6906400600236632,0.6126205345616602,0.317914144786439,0.8189310619179109
0.6402620263757828,0.7422384535654283,0.251290412906283,0.8481003416483364
0.4567281332063602,0.8418130044490677,0.32341525405475263,0.36988814527074465
0.5313825642801489,0.3486624732924972,0.4246623731880156,0.7075771048813592
0.622355928779615,0.6012378062242045,0.3673035087341418,0.8173576075256237
0.4905996594811416,0.8641893080184249,0.3195037370495617,0.39021856133289656
0.6588607047008916,0.6080517274281845,0.3111982251706981,0.7962969064445173
0.6039376100193345,0.7443301515077811,0.24774678527580937,0.8467693171713391
0.5610582056387614,0.5290742272130277,0.3224546061559007,0.8454373566715029
0.7679060975961677,0.7719712475724705,0.17765093587782974,0.8265559039640568
0.1984315932242519,0.8343030978832316,0.36294828440347215,0.7143548462582487
0.5201468848295963,0.8098350963715215,0.23929437611734555,0.44553751111527123
0.6842841889591089,0.2789778744008352,0.5707583948995197,0.8194149857256517
0.7738002481747612,0.8853270569922207,0.05200852951946067,0.3914260307951514
0.7912301965197819,0.5847474433763522,0.22670751933142355,0.9153928955866524
0.5071356087496032,0.8631041695510147,0.2099498136860017,0.6163148780830252
0.8777450725766889,0.8397998854991824,0.10316410709285546,0.6589226377123603
0.8081407093180966,0.3862943269709295,0.3846511728089259,0.9019609678476156
0.7971243470983753,0.8950820776285608,0.058134275313933725,0.4189076613469369
0.8435488990852162,0.8012400513382751,0.12328171107329788,0.6842139748209857
0.7328586269587049,0.39798762942147153,0.31068128459732486,0.7650694996957926
0.6226300753181543,0.6914427477202738,0.28698386714627266,0.807795385407404
0.9317086543733587,0.7376696464319525,0.10475369935597822,0.7431618851499977
0.7220370530689983,0.7711966832181465,0.2160768518319082,0.8668610474095568
0.7003939052895853,0.6300426197487717,0.24372369526353202,0.8549997659942904
0.8637491703460018,0.799922917750246,0.1267882912960131,0.720286422988721
0.4875768331746169,0.8217566520858981,0.09271759967260432,0.5635419104226144
0.6614362392866419,0.4390245727735017,0.33788528227109227,0.7943602751907147
0.49995094219836667,0.4866430680232145,0.5618971719042799,0.8602040529788928
0.6740397656768533,0.647696700056502,0.2525086695241993,0.8393859690176441
0.7619903038697948,0.5633739574251535,0.3107545178452194,0.9685309121542567
0.7498701411133235,0.3542378399009157,0.4872251060805135,0.8172359245565592
0.7798386864052174,0.7850565207467249,0.15528464040321366,0.7114503673889644
0.7084162987331544,0.9262105842160997,0.07448682878497428,0.38791594514906164
0.7627189565117017,0.766395880964052,0.19245395998018397,0.844953432863762
0.6519709693244452,0.5851328546251221,0.3418355698192862,0.844469509056021
0.6549577237180042,0.5619034077089734,0.40938247140672457,0.8847746525015211
0.7634403947710156,0.8660490108401591,0.05389105477416162,0.4298029671923995
0.8630421608518744,0.7210221255991649,0.12099424903612126,0.7527233584499462
0.7317115401263959,0.8723951999461173,0.044478428500656975,0.4254411007628586
0.6670057426485441,0.7943475511418276,0.1704913089366102,0.49104694154537376
0.721863907886763,0.7257443488607918,0.23958946302797943,0.691964243927552
0.880840042709145,0.6635696565349658,0.14229220065909925,0.8382964384330979
0.8985657807404842,0.8950072404928774,0.05178452193766561,0.45388683483877007
0.8706605488702277,0.8222992213196032,0.11461003295496158,0.7033369214208828
0.5810896603468675,0.8562154112113514,0.20098046395416463,0.6397996911124632
0.8013664040631403,0.8012400513382751,0.13801020957632415,0.6906350914962326
0.6530242691830432,0.5317069976463721,0.42529131755228644,0.7706369635419105
0.7916197731798112,0.9115761823331974,0.06724966075774874,0.3963963120700145
0.7388609932761954,0.8404958708610386,0.10264716651948222,0.7269434174193851
0.5109012206735347,0.767323861446527,0.2738449609063692,0.7127813918659616
0.7535855481487894,0.7176132940687828,0.11903849053352576,0.7159283006505359
0.6808645716099616,0.5760738193506382,0.3582958192431129,0.8672242242710723
0.7415375292182496,0.7483563894075518,0.23298253171645814,0.6647259793138953
0.3129238449773468,0.9718163347016056,0.25686389385486896,0.0
0.34781259919776064,0.9629892945477405,0.23109992030499496,0.07140918238405014
0.6470219028655527,0.7414638892111043,0.2389251943911948,0.6079655543595264
0.63618590021066,0.7742163616429745,0.17281754151678982,0.6526232040061778
0.4955595475139238,0.8007760610970376,0.2796734658711526,0.46090700613094965
0.7505338643118922,0.32133195134089443,0.386826631055205,0.6931717133898068
0.6915274290826191,0.7454901271108749,0.17772416912572428,0.6843356577900501
0.6530242691830432,0.5845154482557335,0.3628750511555776,0.8402330696869005
0.5041693359882261,0.4943860922667046,0.5603463501841601,0.8425328778022184
0.6962167777681586,0.8150213098743859,0.0672151980528572,0.6778022183741284
0.5751673736761608,0.8387147470317721,0.15727916944881215,0.6780455843122573
0.7241292240210083,0.7328688441778579,0.13162599349516446,0.7378359151963308
0.5350330418722766,0.5419293761950555,0.2603355805888815,0.7585341882341929
0.66998528265951,0.6491672497726823,0.2429116677795249,0.8266766509102823
0.567722852278302,0.7975206456948067,0.2557197320524695,0.7135077455889924
0.8001904597004588,0.4233836114156567,0.32596118637861593,0.8967566808630132
0.5900932098231033,0.5465733946498932,0.46271781506450993,0.7467927177423129
0.5995873373156725,0.8452966731151332,0.16170762702737634,0.632049422005897
0.7832005886936195,0.8519534363341779,0.03890408598444872,0.42266111293115555
0.79547946786714,0.414092581020554,0.33087212182566184,0.880901389993916
0.33859983262632387,1.0,0.37110302194843525,0.2438901109187065
0.8072389114939543,0.36809767742949406,0.3510629590539988,0.7984755932044743
0.7804663376908204,0.4074320759447253,0.32489284252697787,0.7854036598493004
0.5585447147433122,0.3096386488903524,0.5868524780838736,0.5313520849908737
0.5705826335382218,0.8631041695510147,0.19393025610097575,0.5944119436514251
0.8116036129628026,0.4103731753770856,0.31437310185883216,0.8632302148172416
0.6903586991025308,0.7970566554535692,0.20965429599155666,0.552290915898348
0.6044426168008542,0.34990102788805866,0.5762207336248304,0.6377404408667572
0.5656039881106975,0.6219115649567628,0.4148448101320352,0.8564515374175131
0.7923123539087524,0.7717392524518516,0.16119068645400308,0.7478822483268592
0.7546965630681326,0.5098717665680064,0.2623266633639908,0.8274030046333132
0.7093541684702623,0.5947344591333111,0.306916234087923,0.8359966303177798
0.9298112717513635,0.7170744666918618,0.1241691257242553,0.7943602751907147
0.4171861022133726,0.9224949204294155,0.3109009843410085,0.395422848317499
0.48145975817389547,0.82555089486505,0.14495013677386007,0.48813591051621663
0.867796438980752,0.8096779383865862,0.12641781721842893,0.7327523751579539
0.40746111447782296,0.9831990630390612,0.25749154586770634,0.09355548275377912
0.7917496320664877,0.5501352681227479,0.2615516832877421,0.8634717087096926
0.5500793582085245,0.9184686825296449,0.16790660606974392,0.3950577994103056
0.6128040862263008,0.5121947112596212,0.4077196458957073,0.8554836898020313
0.8059403226271895,0.7443301515077811,0.12306201132961427,0.7817728272569852
0.6333073615559981,0.33542378399009154,0.5815710685592436,0.6067580848972716
0.5457644359795688,0.5514512791537417,0.401076959527861,0.7020077689895634
0.9471257899748939,0.626401793097771,0.17056454218450473,0.9363317264941265
0.37356073067266904,0.8104525027409102,0.15602128072027055,0.6280526044835495
0.5466986985253802,0.7410747361055503,0.30019600663407076,0.7569597978190669
0.7009710558970363,0.6326731450680457,0.24239472720615163,0.8548780830252259
0.7791461056762763,0.61943445576564,0.2561996252180843,0.8321233678101746
0.8207225925605287,0.3169165603355697,0.39487367264738193,0.7342050826040156
0.8209895247164747,0.6399547983700472,0.2637292954530769,0.8609304067019237
0.5310391596687155,0.8920623992037329,0.17610011415770999,0.41370337436233445
0.6106253426831731,0.8291131425235831,0.13727356925926726,0.615949829175832
0.6802369203243587,0.8819968044543063,0.0969263575074849,0.535947957130154
0.6923570830808299,0.8621761890685395,0.07300924031274908,0.6732063462348482
0.9811343895189449,0.8827713688086303,0.037684967798910146,0.49818879580661773
0.9217600207774219,0.49879923815795874,0.24409287698968277,0.9289558665231432
0.8048437364730326,0.41076232848263966,0.31691903418269546,0.8632302148172416
0.730297521138141,0.4186613881540298,0.32382019083722835,0.8290981419946648
0.5774593830260006,0.7844353725205522,0.28284834255928665,0.5701970328076005
0.8088837907251898,0.8993403106489501,0.06164085553664894,0.39711704965601163
0.5959873604016968,0.843826123398953,0.13236263381222135,0.7246436093040671
0.8704946180705855,0.3293844271404357,0.37859866026234734,0.7778995647493799
0.5451115343548899,0.3932616643030605,0.3608072888620846,0.7079421537885525
0.9047124347098374,0.9032917114130374,0.037611734551015574,0.423746899424346
0.6643364210890832,0.48772708393358954,0.4632347556378832,0.7323901343192775
0.7878827229965659,0.4018567093363069,0.33685140112434575,0.8190518088641363
0.5274370184399619,0.8603164862468053,0.08614814655265257,0.34664669817943555
0.5434630479323579,0.7221821012022586,0.3043315312210567,0.755991950203585
0.6869823680489424,0.4781258536110789,0.4577724169125724,0.7856460897645904
0.6184168758837618,0.8587673575381576,0.12985116419324966,0.7313006037347312
0.7485715522465588,0.34270169543530893,0.3992676675210546,0.7778995647493799
0.7551727123192797,0.7497483601312643,0.14365778534042695,0.7662797772265644
0.7575534585750151,0.9152918461198816,0.08094427811402852,0.4155192586699116
0.856578074048423,0.8900492802538476,0.04145001830831199,0.3950577994103056
0.8122961936917439,0.5577237536810516,0.2588200831412756,0.890099686432349
0.5451115343548899,0.3932616643030605,0.3608072888620846,0.7079421537885525
0.5350330418722766,0.5419293761950555,0.2603355805888815,0.7585341882341929
0.6585721293971663,0.26054922973878103,0.5923148168091843,0.7437674919268031
1.0,0.7106459567366519,0.11818984642557136,0.8512472504329106
0.6867659365711483,0.7629122122979866,0.19356107437482503,0.7150811999812796
0.5714397021902866,0.7619804899587274,0.2517703060718979,0.7587756821266439
0.768656393385854,0.37522217274656033,0.34951213733387904,0.7334787288809848
0.8872536288344444,0.6644227998817573,0.16063497533762683,0.8946974306173071
0.692573514558624,0.7689515691476425,0.2010170805781119,0.8362390602330698
0.5722491559172366,0.8063476858486718,0.1093673939733345,0.6189825431740534
0.8032205003895767,0.532945926427612,0.2995325995649084,0.8858641830860674
0.7771044354024182,0.8742549027678514,0.05957309324315593,0.48668507511583287
0.8674862205292471,0.7849779417542573,0.08622137980054712,0.6914775120512942
0.5818255273713675,0.8808368288512125,0.16875525017769835,0.6330228857584126
0.6828485268230745,0.866434422088929,0.08781097206366986,0.6640052417278982
0.7969439875335469,0.9141318705167878,0.04942382665259443,0.32607291617915474
0.6967434276974577,0.732094279823534,0.2305462769509122,0.6526232040061778
0.6413369693821602,0.7453367109827239,0.2715531910310811,0.6091730238217813
0.7715493608057022,0.7281466209162311,0.15380705193098845,0.7778995647493799
0.49852538019796266,0.9015891665762386,0.067805371874125,0.22742546918144801
0.6060225665887513,0.336662338585653,0.590359058306589,0.6238217812514626
0.5540176896661184,0.781108861839422,0.24276390893230235,0.7614386671034774
0.7819741436527863,0.5458766609166801,0.3183578521119177,0.8960265830486265
0.7916053444146249,0.895624646862266,0.06300644021797663,0.4241119483315393
0.7417395319308573,0.7634547815316917,0.20038985934908568,0.8815060607478823
0.5751478948431593,0.8478523612987237,0.15521140715531911,0.6447606121589368
0.49275675987648976,0.8603950652392731,0.06813707540870614,0.1626714091823841
0.7941808790003752,0.5541615060225185,0.260444568893101,0.8938550100622457
0.3284275531699997,0.9704206221211089,0.3492148965041894,0.44989001731642253
0.587351744437711,0.7938835609005901,0.245421414263252,0.5162165956849347
0.921399301647765,0.7129696497996236,0.13036810476662292,0.8071901530397343
0.33874412027818657,0.9785516769131177,0.25804510306502687,0.09028876304581834
0.8830115718696794,0.646768719574027,0.17370495616774723,0.894940796555436
0.7985816523821891,0.5240414298383144,0.26609171387339264,0.9107970234473722
0.9040198539808963,0.573286136046429,0.2295127404312146,0.9806336874619741
0.6845799786454275,0.6263269559620875,0.23634135309195084,0.7948444798053074
0.7921175655787378,0.6089797079106595,0.29326038727464626,0.8846539055552957
0.7308025279196606,0.4061935213491639,0.3234884873026472,0.8209884401179389
0.6054742735116729,0.6356179863571901,0.4149568139229328,0.873760471755511
0.6216128473725219,0.33921802676924345,0.5688370991018158,0.6551691861281416
0.7898666782096788,0.6266337882183898,0.26771576884140696,0.8568147142790284
0.42468906011023577,0.5638416895231753,0.5594632433713141,0.8587513455328311
0.4268822324185496,0.9167623958360618,0.317914144786439,0.2712406982730379
0.6446627997575968,0.5518385613309036,0.4097874081892003,0.8763017737632799
0.6884829596283151,0.5587303131559943,0.3967949684450859,0.8119108906257313
0.4260165065073731,0.5866034043413022,0.5522648458870916,0.8957925773388872
0.4118691022422301,0.8707712341017859,0.3328623430331489,0.3069499695792577
0.822785905982166,0.8772745811926794,0.05710039416718721,0.5041138203772173
0.37755749862926735,0.9599696161229125,0.31584638249294594,0.3065849206720644
0.5567533835454361,0.6024015236840825,0.4391668641092468,0.851610427294426
0.3825065650881598,0.5908616373616916,0.5620824089430719,0.8876791313708056
0.7434854125183967,0.6432813090511774,0.23663644000258474,0.793876164178406
0.5213985802095057,0.8569899755656751,0.06724966075774874,0.25514110544297275
0.36390788676305086,0.9514531500821337,0.34205526956296983,0.31239762250198905
0.8371785992554757,0.6348434220028663,0.13701509897258063,0.827886928441054
0.5487980838599833,0.5144401620972359,0.2812242875912724,0.7475190714653438
0.7035826623957522,0.3581892406650028,0.4082753570120835,0.8160256470257875
0.6903803422503102,0.6243886741478857,0.19230620113296146,0.7886713155801002
0.5912330822728191,0.8496334851279902,0.1380834428242187,0.6946225487901906
0.698547023345742,0.3351917888694729,0.5014754345531696,0.8004121308559929
0.7977592127665714,0.43337062717261565,0.33389622417989534,0.9069218888940891
0.3399561365538337,0.9463417737149529,0.30625282701876066,0.2970187672579211
0.5292478284708395,0.7822688374425157,0.21415770995326,0.6894182618055881
0.7622139497301821,0.5421598745729607,0.3117496284489629,0.9814854682454253
0.7600279918044613,0.6337582835354559,0.2374855148943503,0.7846773061262695
0.79375523042738,0.6620991068187856,0.25811876709673254,0.8316394440024337
0.8398839927279024,0.36283288493416205,0.3465569603894286,0.8300659896101465
0.7159841860733558,0.5320942798235341,0.42547655459107847,0.7772939579725746
0.49200574264854413,0.8159492903568608,0.3089107631335215,0.4364580895773857
0.7800334747352322,0.7839713822793146,0.16225903030564115,0.8376917676791314
0.8140637174270626,0.5708090268553061,0.2068860792211429,0.8893742687321572
0.7230254234842581,0.787301634817229,0.21009757253322422,0.5901717601909486
0.39902028684385193,0.5180019233143871,0.523583259741099,0.7527233584499462
0.5113827807116267,0.7792491590176878,0.13922932776186273,0.5052089670987973
0.8372651718465933,0.3486624732924972,0.3645723393714865,0.8005331679692985
0.6390500101001356,0.2730919336793304,0.5745579081138131,0.7609538072728975
0.4960118893025135,0.27355592392056793,0.5877355848967196,0.6577058080217157
0.58075058436499,0.8317474096996411,0.15568957718568938,0.6052978892684981
0.5637354630190748,0.739061617155665,0.27915652529777935,0.7671268778958207
0.8135659250281361,0.42237705194071407,0.2969866672410451,0.8671034773248468
0.8811646899258361,0.8233843597870135,0.08766450556788077,0.6532316188515
0.5986494675785646,0.6811451578502284,0.17027160919292655,0.636167922497309
0.772162583326119,0.6763443555961339,0.25180735347965627,0.8317601909486593
0.516101780509624,0.7502123503725018,0.160966678872208,0.5685028314690879
0.7693489741147952,0.5521483870726333,0.2573808344282422,0.8594776992558619
0.8140853605748419,0.8033280074238438,0.10840674607448254,0.6993494641269248
0.45115213690012407,0.940455832993448,0.2115002046223103,0.1402817428745261
0.7883083715695611,0.43484117688879576,0.34102138841622337,0.9035334862170638
0.8487648977000548,0.594191889899606,0.21552329463458766,0.9463846117845276
0.5352285516405506,0.7702687027356715,0.30580911969328195,0.7427987082884823
0.3346102790523187,0.9870681429538966,0.3546427725246086,0.2582861421818692
0.31181283005800364,0.9439432435162977,0.3185775518556013,0.4291945523470773
0.7887700920555218,0.7928770014256474,0.14912012406573763,0.8132419151027286
0.6921839378985947,0.6134736779084518,0.3074676373661878,0.837812514625357
0.8558349926413298,0.5454119223040858,0.29824024813147526,0.9112837553236299
0.822468473148068,0.39922618401703297,0.33005794042259895,0.8736387887864465
0.7575895304879808,0.36879366279135034,0.39893596398647346,0.8339392521177518
0.5868972383343434,0.5392951090189975,0.4857130549033968,0.7455824402115412
0.48757539029809827,0.8217566520858981,0.09271759967260432,0.5635419104226144
0.7264378264508123,0.6012378062242045,0.31876278889439336,0.832970468479431
0.4981502323031195,0.4488581724023095,0.5866284705020786,0.8330921514484955
0.8213358150809453,0.9310113864701943,0.05171128868977104,0.40195628773342074
0.8558854933194817,0.6301960358769229,0.2572701229887781,0.8756971030093135
0.635666464663954,0.2746410623879782,0.5788054364916967,0.7160499836196004
0.7945560268952183,0.9326353523145255,0.05853921209640944,0.3934852810408574
0.6804317086543734,0.8711566453505559,0.09080061171301185,0.5185192118687696
0.8828672842178167,0.5276033033111691,0.23545566157623798,0.9105536575092433
0.9221423830548581,0.8963206322241222,0.02155642190966464,0.3942153788552441
0.6481401321674891,0.33674091757812064,0.5950459861718397,0.6253942996209108
0.6370516261218365,0.4735581690346384,0.29428996058328133,0.7757205035802874
0.7099962485210516,0.5369721643273826,0.2855450492170505,0.9136986942481398
0.6347502380746256,0.6788214647872568,0.31983544058414287,0.870734309917162
0.7039578102905953,0.7791705800252201,0.20238309604325072,0.8392652220714186
0.7136827980261449,0.7742163616429745,0.19352445775087776,0.8454373566715029
0.8195755057282197,0.33263610068588234,0.37571671656579153,0.7460663640192822
0.5451115343548899,0.3932616643030605,0.3608072888620846,0.7079421537885525
0.8139410729229792,0.5602008628721744,0.25642104809701255,0.8887686619553518
0.36574755432430095,0.9571033538262357,0.21028194800439404,0.06330322459868021
0.5111804894237151,0.7452581319902563,0.30451676825984886,0.7326316282117284
0.6144489654575361,0.8011614723458074,0.10763133521442267,0.7033369214208828
0.7835396646754971,0.39906902603209765,0.3334180541495251,0.8488266953713671
0.6068594349695553,0.847620366178105,0.14528184030844124,0.7498188795806618
0.5772090439500187,0.7338754036528006,0.32780924892842533,0.8063429587681941
0.5798415721582547,0.8066582599617582,0.2155603420423461,0.5510740862077035
0.6020474417799324,0.6995738025122826,0.31392939453335345,0.820746010202649
0.788986523533316,0.5802534733785599,0.2966894264113555,0.8907052932091544
0.6992612472224626,0.9159129943460544,0.08519180649191205,0.41854261243974356
0.3853346030646697,0.5552466444899288,0.6080728886208456,0.8890110918706418
0.6665945228407353,0.7396827653818377,0.2505520494539816,0.8796911124631441
0.7352970882751854,0.6235392726578783,0.25343140844767054,0.8748490663172183
0.623293798516723,0.336273185480099,0.5947142826372586,0.601666120653344
0.8087322886907339,0.6401082144981983,0.16635578434962417,0.856693967332803
0.7577338181398436,0.36298630106231317,0.41244534430396107,0.9444470445078861
0.41725103165671085,0.8971737755709138,0.32157149934305473,0.2756025647025788
0.6635789109168038,0.2579149625627229,0.5788786697395912,0.7925447652922732
0.3578694485325946,0.9203246434945949,0.3416115622374911,0.34737679599382226
0.7499134274088823,0.9029025583074833,0.06702996101406511,0.45388683483877007
0.8999509421983667,0.8696075166419082,0.014836194455812357,0.43319136986942486
0.8255850864283034,0.5127367192148088,0.3156654532922653,0.9060794683390275
0.7039073096124433,0.8552088517364087,0.0850798027010145,0.7095137361351618
0.792449427178022,0.3742156132716177,0.35191160316195325,0.8019855852482801
0.5907280754912995,0.567246779196773,0.45485601051112506,0.7593803528806103
0.8604594118835309,0.38970315850131154,0.3750533094966292,0.9022043337857445
0.5487208899662367,0.8008508982327212,0.2955823120167144,0.49842280151635704
0.5350330418722766,0.5419293761950555,0.2603355805888815,0.7585341882341929
0.7961648342134879,0.5492061650832376,0.2780881814461413,0.9582440211541163
0.4224742446541425,0.9460311996018664,0.2344217804294915,0.16181962839893294
0.5308847718812224,0.4817648093336876,0.5761475003769359,0.8649244161557543
0.792810146307679,0.42725643318727624,0.3302087147564995,0.8453166097252773
0.7956453986667821,0.3481984830512597,0.3884162233183277,0.789881593110872
0.6014125761117364,0.6117673912148687,0.31433433131582916,0.7823774980109516
0.8183129887744207,0.8224563793045385,0.10785534279621774,0.6659428090045398
0.6998816841254725,0.9177689553110044,0.08127598164860966,0.4099499227781158
0.810831674025337,0.5238865169674496,0.26911840093049305,0.8911892170168954
0.6920252214815455,0.641114773973141,0.31525620867167814,0.8252248794870596
0.38095547283063513,0.9623681463215676,0.3610269886057682,0.34168577713296205
0.6150116872998008,0.6511017897300999,0.3702199151355893,0.8459222165020828
0.6432559951519349,0.6078197323075657,0.33511534236543394,0.8353919595638134
0.7111433353533605,0.7889293425183445,0.19245395998018397,0.6243085131277204
0.6788229013361037,0.9072393703203403,0.09810670515002048,0.5004820517620631
0.8733370848122817,0.5233446961051013,0.23645206453141493,0.913343005569336
0.653110841774161,0.5059229851036682,0.45046201563745236,0.9008751813544251
0.7689088967766138,0.8396427275142471,0.10678269110646824,0.758291758318903
0.7113092661530026,0.9214097819620052,0.09216619639433954,0.4277437169466935
0.6684414047845786,0.8758040314764992,0.09364378486656474,0.5458697992231011
0.7625890976250252,0.8656598577346051,0.07127318155383722,0.6834932372349886
0.7991299454592675,0.5346492196357677,0.2719968983565598,0.9036551691861282
0.8299858598101175,0.6010843900960535,0.26897107286708166,0.8778752281555671
0.8420338787406574,0.40278843167556605,0.34305038016671335,0.9135770112790753
0.8011139006723804,0.40549753598730764,0.3224546061559007,0.8470108110637901
0.6022422301099472,0.6854819698630854,0.3265168974949922,0.8212299340103899
0.8101102357660231,0.39310824817490936,0.3390268593706249,0.820504516310198
0.5487980838599833,0.5144416962585174,0.2812242875912724,0.7475171994196659
0.6808357140795891,0.8655812787421374,0.08312404419841904,0.4863200262086395
0.7180258563472138,0.9206352176076813,0.08367544747668385,0.4143024289792671
0.34442183937898596,0.9687966562767776,0.24014302022529996,0.07395516450601392
0.5165252647678412,0.8515680250854079,0.18743403622891855,0.572377966022371
0.5663261478082706,0.8579965350406178,0.1351325737178797,0.4087424533158609
0.5389360228551641,0.7226498333002803,0.31529497921468114,0.7622857677727337
0.9136005540645831,0.8927621264223733,0.04277683244663669,0.4431132119623719
0.569369174386056,0.5156790459761943,0.5122148749649988,0.7504244863574672
0.7045566040458258,0.6227647083035543,0.2497400219699744,0.8478588477558854
0.7813104204542175,0.8141681665275944,0.11796583884377627,0.624907567744653
0.7414004559489799,0.37661414347027283,0.45518771404570624,0.8387803622408387
0.8629339451129772,0.541153315098018,0.26103517349817995,0.913343005569336
0.817122615646553,0.8589245155230929,0.029267452129148996,0.39517948237937006
0.5227664271491645,0.4981025044247457,0.5605703577659552,0.8852585763092621
0.8001904597004588,0.5303906124296999,0.29045167682598494,0.861293583563439
0.6291879490953164,0.8427409849315428,0.17326124884226854,0.6704169981747555
0.5717484777652728,0.7153681799982787,0.3158119197880544,0.7820143211494361
0.8431016073644417,0.33464921963576766,0.3765653606737459,0.7765676042495437
0.757185525062765,0.9311648025983454,0.04661942404204453,0.32340525108812657
0.7351816581536952,0.32187452057459953,0.5119951752213152,0.8539102354097441
0.7570051654979366,0.871699214584261,0.054920628082796685,0.4636869939626527
0.8073326984676652,0.7876122089303155,0.1210287117410128,0.6868816399120139
0.6191383141430756,0.8352310783657066,0.24575354858164433,0.5962278279590023
0.8600626208409085,0.5752206760038466,0.22770410278501738,0.9536481490148361
0.806488615704268,0.37769928193768315,0.3926249811532083,0.9526746852623205
0.7406140882463279,0.8049557151249593,0.2114261098067935,0.5623344409603594
0.5960955761405939,0.548896339341508,0.47571025480862433,0.7892769223569056
0.8771029925258996,0.8355416524787931,0.08160768518319084,0.655290869097206
0.8029319250858511,0.7179238681818692,0.14923212785663517,0.8221987176487107
0.6552823709346954,0.5913293694597133,0.3214594955521572,0.7923027097861188
0.6562274550543964,0.4782033100465113,0.4522368449393672,0.7726943417419386
0.5892779845900787,0.6637230726631169,0.3740926615977772,0.8790855056863388
0.6488327128964303,0.3239624766601683,0.598737803433347,0.6663078579117331
0.8036966496407237,0.3355023629825592,0.3719904365993926,0.7540553189497824
0.659560499812426,0.799922917750246,0.2071445495078295,0.6273318668975524
0.8559287796150405,0.8057302794792832,0.12221336722165983,0.6857864931904339
0.6417626179551554,0.6353859912365715,0.22083873608029814,0.775599756634062
0.8204845179349551,0.3812615295962163,0.38660693131152135,0.8702503861094212
0.6301907482757626,0.6242352580197346,0.35283348051780217,0.8104581831796697
0.7878394367010071,0.8905918494875527,0.0584272083055119,0.41805588056348575
0.503158095980146,0.7472712509401416,0.2750597712537963,0.6942668601113868
0.31660318009984706,0.894696666379791,0.17037930514571265,0.2880610286891
0.6478010561856116,0.75470257851351,0.23169052491007391,0.8545158421865494
0.4574409142065622,0.8377867665492971,0.3070627005837121,0.39493611644124116
0.8428418895910887,0.9094844843908445,0.030193637323109396,0.40643983713202597
0.7672207312498196,0.7821902584500481,0.17156396062635967,0.8200196564796182
0.8430943929818486,0.8010080562176564,0.1440282594180111,0.7650694996957926
0.49913210977404554,0.45628949997567797,0.5736360307579641,0.797507277577573
0.47993824488500275,0.4761886943539123,0.5745579081138131,0.8465268872560492
0.6700790696332208,0.32295591718522565,0.41259181079975016,0.6832498712968598
0.8118200444405967,0.8693755215212893,0.015391905572188613,0.3099733233490897
0.8965962542925576,0.8893532948919913,0.06366984728713895,0.4852342397154491
0.4955977837416674,0.736041938730837,0.24918646477265388,0.7345682594655311
0.7919804923094682,0.3922551048281178,0.3641630947508993,0.9018392848785511
0.8365870198828385,0.4247755821393692,0.34149955844659363,0.9514672158000657
0.7593642686058927,0.7656998956021958,0.17584164387102336,0.7638592221650209
0.9109889475658672,0.906928796207254,0.03886531544144575,0.3940936958861796
0.5747049317519407,0.3732876327891427,0.4277252460852522,0.7724528478494876
0.5698222376129051,0.616261361212661,0.41255734809485867,0.8513679973791362
0.7691108994892217,0.5700344625009822,0.2858767527516316,0.9806336874619741
0.6584927711886417,0.5506770889850962,0.4237749585370582,0.9156362615247813
0.6472888350214989,0.8209072505958908,0.22670751933142355,0.5887209247905649
0.7102415375292183,0.9383678769078793,0.08386068451547593,0.3864651097486778
0.692883733010129,0.6468435567097105,0.2541693411161609,0.7620433378574438
0.41384584307274985,0.8995760476263531,0.10050617097809467,0.2512659708896897
0.7661241450956627,0.3732876327891427,0.375867490899692,0.7884298216876493
0.9265720139670447,0.7028254760577294,0.13128998212247187,0.8412018533252212
0.5501846881943844,0.7932624126744173,0.2809313545996942,0.5231150840080498
0.6255807577987476,0.6383270906689318,0.351579899627372,0.8082794964197128
0.3390976250252503,0.9629107155552729,0.360548818575398,0.29060701081106377
0.5553855366057773,0.8768105909514419,0.21530187175565946,0.6443955632517434
0.8373806019680836,0.7851350997391926,0.0864453873823422,0.6602517901436795
0.37356073067266904,0.8104525027409102,0.15602128072027055,0.6280526044835495
0.8255634432805241,0.9235014799043582,0.030525340857690597,0.38574437216268076
0.4414639425157995,0.8891212997713726,0.27856635147651154,0.3109374268732157
0.7783308804432516,0.3770032965758269,0.39978460809442784,0.9222913839097675
0.5622716647909272,0.6287254861607428,0.3533504210911754,0.7937551364253288
0.8239546359622543,0.33278951681403346,0.3727270769164495,0.7973862498244958
0.7864254177127521,0.6540466310192444,0.25804510306502687,0.8330921514484955
0.5928418895910887,0.8291131425235831,0.13911732397096518,0.7155660598118595
0.7965471964909243,0.53255864425045,0.28639369332500486,0.9515888987691301
0.7897296049404092,0.7423132907011117,0.12202813018286776,0.7362624608040437
0.7714988601275503,0.7877656250584666,0.12996316798414717,0.6930500304207423
0.6702882867284218,0.8184301414047679,0.2170000215391906,0.49407029531520574
0.5350359276253138,0.5419275052666634,0.2603338574536369,0.758533252211354
0.7499639280870343,0.8821539624392416,0.06311844400887417,0.45255768240745076
0.7585201858424956,0.8450646779945145,0.09035690438753313,0.7137501755042823
0.720449888898508,0.5995352613874056,0.28569151571283957,0.7966599897037488
0.8778821458459585,0.5142079050466423,0.24176707519331425,0.9045069499695794
0.7740022508873691,0.3672482759394867,0.4148448101320352,0.9266532503393083
0.7555117883011572,0.5401467556230753,0.3183578521119177,0.9772452847849489
0.7457362998874556,0.7803342974850981,0.17060331272750773,0.8209884401179389
0.8536706778633885,0.7767720498265649,0.14170202683783145,0.7673693078111107
0.7376778345309208,0.38761146055895856,0.34722467529670237,0.7811672204801798
0.7805601246645313,0.891523571826812,0.06027527085532128,0.45037674919268034
0.7562765128560298,0.6257843867283823,0.2719624356516682,0.8512472504329106
0.7612616512278879,0.8966312063372086,0.043517780601805,0.3341788739645248
0.620833694052463,0.75284661754856,0.21984190234131004,0.5745588992371414
0.7144835944939831,0.88958529001261,0.08965472677536782,0.5090747414236907
0.6529232678267394,0.7451795529977886,0.24405582958192434,0.8534263116020032
0.7221596975730817,0.8444435297683417,0.07108794451504516,0.671390461927271
0.6629296164834213,0.28462807814493707,0.5759234927951408,0.7679739785650771
0.6120898623495801,0.33278951681403346,0.5871109483705603,0.602761267374924
0.8450134187516232,0.38853944104143356,0.37804294914597114,0.9383909767398325
0.30625054107869454,0.5817277649515242,0.5195985094880134,0.7627696915804746
0.7436729864658183,0.5821131762002941,0.3188747926852909,0.8575410680020593
0.7977592127665714,0.4143245761411728,0.3352273461563315,0.8344231759254926
0.5064710847545667,0.8801408434893563,0.2343481163977858,0.649113118360088
0.8714469165728798,0.49554756461251204,0.2494449350593405,0.9036551691861282
0.6654907223039852,0.6177319109288412,0.2849161048527797,0.7829831047877569
0.7587294029376965,0.8783597196600896,0.06599607986731859,0.47833575139233403
0.545109370040112,0.3932616643030605,0.3608072888620846,0.7079402817428746
0.6896300464606239,0.5990712711461682,0.34504490921231185,0.8744868254785417
0.5826623957521715,0.25598042260530524,0.5847847157903806,0.6785323161885151
0.5313825642801489,0.3486624732924972,0.4246623731880156,0.7075771048813592
0.45086284015813927,0.8733269222853765,0.06459172464298793,0.09779566621425562
0.9322858049808097,0.7351925372408297,0.10637775432399253,0.7719689240417467
0.6580021931723083,0.7632976235467563,0.2485588127598165,0.5929517480226518
0.7052419703921738,0.7923344321919423,0.2308046610808366,0.5632985444844855
0.7724150867168788,0.6274083525727137,0.26439399487367266,0.8288557120793748
0.5059317375119037,0.7838179661511635,0.2615146358799837,0.7292422895118642
0.7644215508036822,0.5643056797644127,0.28333082042776836,0.9550989844152198
0.6730441808790004,0.8535811440352932,0.08806944235035649,0.6785323161885151
0.6261362652584191,0.6281829169270375,0.23755960970986714,0.7863715074647822
0.5756103367673795,0.7344965518789734,0.30854028905593733,0.7696691159264287
0.4897332121317058,0.5087102942221989,0.4390936308613522,0.8145729395797259
0.6335382217989785,0.6950835743712745,0.31765567449975235,0.8587513455328311
0.8275041121980781,0.8853270569922207,0.02613134598401795,0.4492816024711003
0.7741393241566387,0.3676336871882566,0.41133822990932006,0.9084944072635374
0.6951274059965948,0.6470007146946458,0.26055528033256514,0.8760602798708289
0.7852494733500707,0.8953140727491796,0.061602084993645945,0.4048673187625778
0.6995786800565608,0.6339154415203913,0.31223210631744464,0.8175991014180747
0.670143999076559,0.8881933192888976,0.09094707820880094,0.519848364300089
0.7258101751652093,0.3904739809988513,0.3391388631615224,0.74885103196518
0.4094306409257496,0.9155238412405005,0.30104465074202513,0.5284410539617167
0.6930280206619918,0.35044359712176376,0.4855665884076077,0.8074322085458886
0.761947017574236,0.5423147874438254,0.30063971395954947,0.8604464828941827
0.5901076385882896,0.37537558887471145,0.46799491675102856,0.7406205831422288
0.4384302946353851,0.518776225738736,0.4956813922932777,0.66133757663687
0.5353923181254149,0.7622910640718137,0.21334568246925284,0.7472775775728928
0.8246111447782298,0.5287647756569765,0.3156654532922653,0.9124912247858848
0.8395954174241769,0.7259015068457271,0.13623968811252074,0.81820470819488
0.4875768331746169,0.8217566520858981,0.09271759967260432,0.5635419104226144
0.5637643205494474,0.7639187717729292,0.17849957998578414,0.7011653484345018
0.8696866072201541,0.8370870393306566,0.10117388588536844,0.6802265175270277
0.6645600669494705,0.4850943135002451,0.4475111465311134,0.7365048907193337
0.6824733789282313,0.872088367689815,0.09508260279578695,0.5404221463003698
0.720969324445214,0.3434762597896328,0.48217201197578996,0.8536678054944542
0.8224251868525092,0.5327135571213147,0.2892368664785578,0.989226377123602
0.8533893169422561,0.5792469139036173,0.22548943502703173,0.9398418121402163
0.6446555853750036,0.8020894528282825,0.2343481163977858,0.5089530584546264
0.6165627795573255,0.5168404883871475,0.49623279557154243,0.7717264941264568
0.6805543531584567,0.5241963427091791,0.436547698537489,0.9346375251556139
0.752568320203157,0.5583411600504402,0.3199086738320374,0.9954041278607199
0.5722780134476091,0.9100270536245496,0.1666530251793138,0.42266111293115555
0.5759761059648515,0.49399881008954266,0.5374631141361708,0.736868067580849
0.5255497359535971,0.8013934674664263,0.27029961014065096,0.7183497917349184
0.9122442501370732,0.9008146022219146,0.02092747754539387,0.3926428604857959
0.6586298444579113,0.8261720430912227,0.22870071294720748,0.4938269293770768
0.6422820535018613,0.8063476858486718,0.217442867297047,0.5227500351008565
0.559758173895478,0.5133561461868609,0.4719839748422255,0.6736837178827164
0.806697832799469,0.7869162235684591,0.14520860706054667,0.7195600692656902
0.49883415577294893,0.8449075200095792,0.2684541322937084,0.40450226985538446
0.8858323954635963,0.9279917080453663,0.04019643741788187,0.41623999625590863
0.5318478919574063,0.7711966832181465,0.25775001615439297,0.7480029952730848
0.3793538798949586,0.5473475848185386,0.5348784112693046,0.8027118453690271
0.8077872045710328,0.935191040498116,0.0720485924138971,0.41805588056348575
0.7115184832482035,0.8671304074507853,0.08541150623559568,0.7017644030514345
0.37526332496464954,0.928223703165985,0.36497727615396214,0.3425281976880236
0.7373099010186708,0.7859845012291999,0.18156676072113212,0.5576168858520149
0.7656263526967362,0.8811474029642989,0.05628621276412435,0.47591145223943465
0.7877817216402621,0.7549345736341287,0.12295000753871672,0.7080610286891
0.3310752315816813,0.987767870172537,0.2594106877463545,0.08302522581550986
0.7865408478342424,0.4166482692041445,0.3106080513494303,0.8100950063181542
0.6392087265171846,0.26186636332681007,0.5890279363301527,0.7494557027191464
0.8119931896228321,0.7704221188638226,0.1725590712301032,0.8713399166939674
0.6709231523966179,0.34750249768940344,0.38520257608719066,0.7427987082884823
0.8480146019103685,0.8901278592463152,0.057617334740560466,0.4389947114709599
0.7911003376331054,0.4062721003416315,0.3230447799771685,0.8289764590256004
0.7694355467059129,0.5457992044812477,0.29783531134899954,0.8727916881171901
0.888234784867111,0.5205570128008921,0.2329454843086997,0.907165254832218
0.8031483565636452,0.8966312063372086,0.05831951235272581,0.4086207703467965
0.5814720226243038,0.7735952134168017,0.14129278221724428,0.5462348481302944
0.6171471445473696,0.7284534531725333,0.231801236349538,0.7976283053306501
0.5209649958156581,0.7588859743982159,0.3144463351067267,0.7184705386811439
0.5747049317519407,0.3732876327891427,0.4277252460852522,0.7724528478494876
0.4046475052664993,0.9598910371304449,0.24564283714218021,0.14512098095193526
0.7166262661241452,0.541850048831231,0.32636612316109165,0.9748209856320496
0.5041693359882261,0.4553615194932029,0.5928317573825577,0.8708550568633876
0.49275675987648976,0.8603950652392731,0.06813707540870614,0.1626714091823841
0.8632585923296685,0.5257447230464701,0.23667348741034314,0.8316394440024337
0.34511442010792714,0.946884342948658,0.3392853296573115,0.4937052464080124
0.7236314316220818,0.7848245256261062,0.1753634738406531,0.8301867365563721
0.7414798141575044,0.5307004381714294,0.2880909815409137,0.9120044929096272
0.7800984041785703,0.8813008190924501,0.05938785620436385,0.46949969579257733
0.38066689752690963,0.9614401658390926,0.34297714691881886,0.48898769129966774
0.9174818918996912,0.8070474130673122,0.11205979279298686,0.7135077455889924
0.8082200675266211,0.4987221559082048,0.23781764921274262,0.8261927271025414
0.7071754249271347,0.5401467556230753,0.40646606500527716,0.7735423784340338
0.4050659394569013,0.9514531500821337,0.22523105089710732,0.1353208218280526
0.6659740859377254,0.5669362050836867,0.277610011415771,0.880417466186175
0.6356736790465471,0.4865656115877821,0.4683266202856097,0.9221790611690927
0.7222029838686406,0.850640044602933,0.10268593706248522,0.702981232742079
0.8698958243153551,0.8175769980579763,0.09626295043832256,0.6395563251743344
0.5747049317519407,0.3732876327891427,0.4277252460852522,0.7724528478494876
0.7518252387960638,0.6376311053070755,0.2669037413573998,0.8236514250947724
0.5081468343289182,0.8284171571617267,0.24959226312275187,0.44299152899330746
0.7826234380861685,0.8950072404928774,0.05340857690567993,0.37303318200964103
0.836933310247309,0.3796338218951008,0.3512826587976824,0.8260719801563159
0.6325642801489049,0.5023611116308134,0.40823658646908056,0.7073356109889082
0.7667157244683,0.6281080797913541,0.2591156008357206,0.8529423877942622
0.3978154849507979,0.9210206288564511,0.34759084153617514,0.416605045163102
0.7911147663982916,0.568174759679248,0.30558511211148687,0.8841690457247158
0.644468011427582,0.4212133344808361,0.34873672647381915,0.7254907099733234
0.8571768678036533,0.8188941316460054,0.10058371206410066,0.6623110403893856
0.7264666839811849,0.41835081404094343,0.32758524134663025,0.8284925352178594
0.720767321732606,0.5556320557386987,0.2555353565812997,0.8838058688632003
0.7577482469050298,0.7724352378137079,0.18219139724729147,0.7316637805962466
0.6916212160563299,0.3300804125022919,0.5022508454132294,0.7611962371881875
0.6821920180070989,0.757336845689568,0.19511146531113363,0.8214723639256799
0.9359795688684962,0.7461075334802636,0.11612208413207833,0.7659166003650489
0.5539599746053733,0.632441149947427,0.41266504404764476,0.8606879767866337
0.659712001846882,0.7696475545094987,0.2203588429146833,0.8460429634483082
